Volcano Number,Volcano Name,Latitude,Longitude,Type,Status,Last Known Eruption
285080,Kussharo,43.615,144.427,Caldera,Tephrochronology,D6
241061,Maroa,-38.42,176.08,Caldera,Tephrochronology,D6
241060,Reporoa,-38.42,176.33,Caldera,Tephrochronology,D6
325010,Yellowstone,44.43,-110.67,Caldera,Tephrochronology,D7
300190,Krasheninnikov,54.596,160.27,Caldera,Radiocarbon,D5
285081,Mashu,43.572,144.561,Caldera,Radiocarbon,D6
300080,Opala,52.543,157.339,Caldera,Radiocarbon,D6
352060,Quilotoa,-0.85,-78.9,Caldera,Radiocarbon,D6
357111,Sollipulli,-38.97,-71.52,Caldera,Radiocarbon,D6
241070,Taupo,-38.82,176,Caldera,Radiocarbon,D6
352002,Chachimbiro,0.468,-78.287,Caldera,Radiocarbon,D7
322160,Crater Lake,42.93,-122.12,Caldera,Radiocarbon,D7
283191,Hijiori,38.599,140.162,Caldera,Radiocarbon,D7
300023,Kurile Lake,51.45,157.12,Caldera,Radiocarbon,D7
352011,Pululahua,0.038,-78.463,Caldera,Radiocarbon,D7
283002,Sanbesan,35.141,132.622,Caldera,Radiocarbon,D7
252150,Tavui,-4.12,152.2,Caldera,Radiocarbon,D7
300170,Uzon,54.5,159.97,Caldera,Radiocarbon,D7
358041,Chaiten,-42.833,-72.646,Caldera,Holocene,D1
357023,Atuel - Caldera del,-34.65,-70.05,Caldera,Holocene,U
355210,Blanco - Cerro,-26.789,-67.765,Caldera,Holocene,U
264001,Buyan-Bratan,-8.283,115.133,Caldera,Holocene,U
357042,Calabozos,-35.558,-70.496,Caldera,Holocene,U
343041,Coatepeque Caldera,13.87,-89.55,Caldera,Holocene,U
221290,Corbetti Caldera,7.193,38.39,Caldera,Holocene,U
312020,Emmons Lake,55.341,-162.073,Caldera,Holocene,U
221230,Gedamsa,8.357,39.188,Caldera,Holocene,U
242021,Macauley,-30.21,-178.475,Caldera,Holocene,U
222164,Ngozi,-8.989,33.554,Caldera,Holocene,U
263010,Pulosari,-6.343,105.978,Caldera,Holocene,U
264060,Sano - Wai,-8.724,119.986,Caldera,Holocene,U
320160,Silverthrone,51.43,-126.3,Caldera,Holocene,U
261090,Toba,2.58,98.83,Caldera,Holocene,U
268050,Todoko-Ranu,1.25,127.47,Caldera,Holocene,U
261280,Hulubelu,-5.334,104.59,Caldera,Fumarolic,U
266040,Riendengan-Sempu,1.13,124.758,Caldera,Fumarolic,U
261260,Sekincau Belirang,-5.107,104.317,Caldera,Fumarolic,U
264120,Sukaria Caldera,-8.792,121.77,Caldera,Fumarolic,U
266070,Tondano Caldera,1.23,124.83,Caldera,Fumarolic,U
252040,Dakataua,-5.094,150.094,Caldera,Anthropology,D3
323110,Mono Lake Volcanic Field,38,-119.03,Cinder cone,Tephrochronology,D4
357112,Caburgua-Huelemolle,-39.25,-71.75,Cinder cone,Tephrochronology,D7
305011,Arxan-Chaihe,47.45,120.8,Cinder cone,Radiocarbon,D
320090,Iskut-Unuk River Cones,56.58,-130.55,Cinder cone,Radiocarbon,D3
305050,Longgang Group,42.33,126.5,Cinder cone,Radiocarbon,D4
225060,Bayuda Volcanic Field,18.33,32.75,Cinder cone,Radiocarbon,D6
210020,Chaine des Puys,45.775,2.97,Cinder cone,Radiocarbon,D7
324020,Craters of the Moon,43.42,-113.5,Cinder cone,Radiocarbon,D7
320140,Nazko,52.928,-123.732,Cinder cone,Radiocarbon,D7
322040,Sand Mountain Field,44.38,-121.93,Cinder cone,Radiocarbon,D7
300124,Zavaritsky,53.905,158.385,Cinder cone,Radiocarbon,D7
213001,Karapinar Field,37.667,33.6,Cinder cone,Holocene,D7
233013,Ankaizina Field,-14.3,48.67,Cinder cone,Holocene,U
358024,Apagado,-41.88,-72.58,Cinder cone,Holocene,U
302070,Azas Plateau,52.433,98.303,Cinder cone,Holocene,U
344140,Azul - Volcan,12.53,-83.87,Cinder cone,Holocene,U
327110,Carrizozo,33.78,-105.93,Cinder cone,Holocene,U
342200,Chiquimula Volcanic Field,14.83,-89.55,Cinder cone,Holocene,U
358025,Crater Basalt Volcanic Field,-42.018,-70.194,Cinder cone,Holocene,U
303040,Dariganga Volcanic Field,45.754,114.279,Cinder cone,Holocene,U
341022,Durango Volcanic Field,24.15,-104.45,Cinder cone,Holocene,U
221311,East Chamo Basin,5.708,37.713,Cinder cone,Holocene,U
,Gordon,62.13,-143.08,Cinder cone,Holocene,U
314030,Ingakslugwat Hills,61.43,-164.47,Cinder cone,Holocene,U
290111,Ivao Group,45.77,149.68,Cinder cone,Holocene,U
341004,Jaraguay Volcanic Field,29.33,-114.5,Cinder cone,Holocene,U
302060,Jom-Bolok,52.713,99.021,Cinder cone,Holocene,U
,Kabargin Oth Group,42.55,44,Cinder cone,Holocene,U
213000,Kula,38.58,28.52,Cinder cone,Holocene,U
,Lomonosov Group,50.25,155.43,Cinder cone,Holocene,U
323150,Mammoth Mountain,37.631,-119.032,Cinder cone,Holocene,U
358052,Melimoyu,-44.08,-72.88,Cinder cone,Holocene,U
358054,Mentolat,-44.7,-73.08,Cinder cone,Holocene,U
320120,Milbanke Sound Group,52.5,-128.73,Cinder cone,Holocene,U
354008,Nicholson - Cerro,-16.261,-71.754,Cinder cone,Holocene,U
233012,Nosy-Be,-13.32,48.48,Cinder cone,Holocene,U
390041,Paulet,-63.579,-55.78,Cinder cone,Holocene,U
341001,Pinacate,31.85,-113.5,Cinder cone,Holocene,U
357065,Resago - Volcan,-36.45,-70.92,Cinder cone,Holocene,U
323200,Salton Buttes,33.197,-115.616,Cinder cone,Holocene,U
341007,San Borja Volcanic Field,28.5,-113.75,Cinder cone,Holocene,U
341002,San Quintin Volcanic Field,30.468,-115.996,Cinder cone,Holocene,U
354002,Sara Sara,-15.33,-73.45,Cinder cone,Holocene,U
343002,Singuil - Cerro,14.054,-89.631,Cinder cone,Holocene,U
312051,Stepovak Bay 2,55.913,-160.041,Cinder cone,Holocene,U
300082,Tolmachev Dol,52.63,157.58,Cinder cone,Holocene,U
224011,Tombel Graben,4.758,9.717,Cinder cone,Holocene,U
,Tosa Sucha,5.92,37.57,Cinder cone,Holocene,U
357101,Tralihue,-38.509,-70.898,Cinder cone,Holocene,U
223080,Tshibinda,-2.32,28.75,Cinder cone,Holocene,U
,Unnamed,42.45,44.25,Cinder cone,Holocene,U
,Unnamed,52.57,157.02,Cinder cone,Holocene,U
233015,Vakinankaratra,-19.85,46.942,Cinder cone,Holocene,U
290370,Vernadskii Ridge,50.55,155.97,Cinder cone,Holocene,U
302040,Vitim Volcanic Field,53.75,113.25,Cinder cone,Holocene,U
300021,Yavinsky,51.533,156.629,Cinder cone,Holocene,U
320150,Wells Gray-Clearwater,52.33,-120.57,Cinder cone,Dendrochronology,D5
329020,San Francisco Volcanic Field,35.347,-111.678,Cinder cone,Dendrochronology,D6
358080,Pali-Aike Volcanic Field,-52.082,-69.698,Cinder cone,Anthropology,D7
345050,Barva,10.135,-84.1,Complex volcano,Tephrochronology,D7
322070,Three Sisters,44.133,-121.767,Complex volcano,Radiocarbon,D6
283020,Hakoneyama,35.233,139.021,Complex volcano,Radiocarbon,D7
320180,Meager,50.63,-123.5,Complex volcano,Radiocarbon,D7
,South Sister,44.1,-121.77,Complex volcano,Radiocarbon,D7
273050,Banahaw,14.07,121.48,Complex volcano,Holocene,U
355122,Bayo Gorbea - Cerro,-25.414,-68.588,Complex volcano,Holocene,U
355121,Cordon del Azufre,-25.336,-68.521,Complex volcano,Holocene,U
222080,Eburru - Ol Doinyo,-0.65,36.22,Complex volcano,Holocene,U
300210,Gamchen,54.974,160.703,Complex volcano,Holocene,U
222070,Homa Mountain,-0.38,34.5,Complex volcano,Holocene,U
355125,Incahuasi - Nevado de,-27.033,-68.296,Complex volcano,Holocene,U
263330,Iyang-Argapura,-7.97,113.57,Complex volcano,Holocene,U
252021,Mundua,-4.624,149.339,Complex volcano,Holocene,U
355131,Solo - El,-27.105,-68.713,Complex volcano,Holocene,U
261130,Talakmau,0.079,99.98,Complex volcano,Holocene,U
355220,Tipas,-27.196,-68.561,Complex volcano,Holocene,U
251060,Umboi,-5.592,147.892,Complex volcano,Holocene,U
221151,Yangudi,10.58,41.042,Complex volcano,Holocene,U
300110,Dzenzursky,53.637,158.922,Compound volcano,Holocene,U
273020,Pocdol Mountains,13.05,123.958,Compound volcano,Holocene,U
273088,Ambalatungan Group,17.32,121.1,Compound volcano,Fumarolic,U
,Balatocan,8.8,124.92,Compound volcano,Fumarolic,U
383040,Gran Canaria,28,-15.58,Fissure vent,Radiocarbon,D7
221060,Alu-Dalafilla,13.793,40.553,Fissure vent,Holocene,U
221220,Bishoftu Volcanic Field,8.78,38.98,Fissure vent,Holocene,U
221260,Butajiri-Silti Field,8.05,38.35,Fissure vent,Holocene,U
221252,East Ziway,7.874,38.902,Fissure vent,Holocene,U
383050,Fuerteventura,28.358,-14.02,Fissure vent,Holocene,U
344101,Granada,11.9,-85.979,Fissure vent,Holocene,U
221171,Hertali,9.78,40.33,Fissure vent,Holocene,U
344092,Nejapa-Miraflores,12.12,-86.32,Fissure vent,Holocene,U
275100,Singu Plateau,22.7,95.98,Fissure vent,Holocene,U
,Unnamed,8.62,38.95,Fissure vent,Holocene,U
221251,Unnamed,8.013,39.062,Fissure vent,Holocene,U
370030,Ljosufjoll,64.9,-22.483,Fissure vent,Anthropology,D6
221127,Manda Gargori,11.75,41.48,Fissure vent,Anthropology,U
300552,Bliznetsy,57.35,161.37,Lava cone,Radiocarbon,D7
214050,Samsari Volcanic Center,41.542,43.7,Lava cone,Holocene,U
255000,Tore,-5.835,154.935,Lava cone,Holocene,U
300084,Barkhatnaya Sopka,52.802,158.24,Lava dome,Tephrochronology,D7
245030,Nabukelevu,-19.12,177.98,Lava dome,Radiocarbon,D5
300022,Diky Greben,51.452,156.978,Lava dome,Radiocarbon,D6
,Inyo Craters,37.692,-119.02,Lava dome,Radiocarbon,D6
323120,Mono-Inyo Craters,37.804,-119.029,Lava dome,Radiocarbon,D6
300511,Shisheika,57.153,161.09,Lava dome,Radiocarbon,D7
326010,Soda Lakes,39.53,-118.87,Lava dome,Pleistocene-Fumarol,Q
354004,Andahua-Orcopampa,-15.42,-72.33,Lava dome,Holocene,U
300087,Bolshe-Bannaya,52.9,157.78,Lava dome,Holocene,U
,Borawli Complex,11.63,41.45,Lava dome,Holocene,U
,Dacht-I-Navar Group,33.95,67.92,Lava dome,Holocene,U
358090,Fueguino,-54.97,-70.262,Lava dome,Holocene,U
213003,Gollu Dag,38.25,34.57,Lava dome,Holocene,U
355093,Guayaques,-22.895,-67.566,Lava dome,Holocene,U
253050,Iamalele,-9.52,150.53,Lava dome,Holocene,U
357041,Infiernillo,-35.123,-69.9,Lava dome,Holocene,U
342180,Ixtepeque,14.42,-89.68,Lava dome,Holocene,U
283142,Omanago Group,36.795,139.507,Lava dome,Holocene,U
341081,Papayo,19.308,-98.7,Lava dome,Holocene,U
,Shikaribetsu Group,43.28,143.08,Lava dome,Holocene,U
,SW Usangu Basin,-8.75,33.8,Lava dome,Holocene,U
355011,Taapaca,-18.1,-69.5,Lava dome,Holocene,U
312132,Unnamed,57.87,-155.411,Lava dome,Holocene,U
212051,Yali,36.671,27.14,Lava dome,Holocene,U
,Wayang-Windu,-7.208,107.63,Lava dome,Fumarolic,U
283262,Megata,39.95,139.73,Maar,Tephrochronology,D7
224030,Oku Volcanic Field,6.25,10.5,Maar,Radiocarbon,D5
300551,Kinenin,57.35,160.97,Maar,Radiocarbon,D6
322030,Blue Lake Crater,44.411,-121.774,Maar,Radiocarbon,D7
328010,Dotsero,39.661,-107.035,Maar,Radiocarbon,D7
210010,West Eifel Volcanic Field,50.17,6.85,Maar,Radiocarbon,D7
282081,Yonemaru-Sumiyoshiike,31.771,130.592,Maar,Radiocarbon,D7
213004,Acigol-Nevsehir,38.537,34.621,Maar,Holocene,U
343101,Aramuaca - Laguna,13.428,-88.105,Maar,Holocene,U
221291,Bilate River Field,7.07,38.1,Maar,Holocene,U
355104,Caichinque,-23.949,-67.74,Maar,Holocene,U
355035,Jayu Khota - Laguna,-19.463,-67.432,Maar,Holocene,U
,Malang Plain,-8.02,112.68,Maar,Holocene,U
355097,Overo - Cerro,-23.52,-67.67,Maar,Holocene,U
323160,Ubehebe Craters,37.02,-117.45,Maar,Holocene,U
358012,Cayutue-La Vigueria,-41.3,-72.27,Pyroclastic cone,Tephrochronology,D7
214100,Tskhouk-Karckar,39.742,45.992,Pyroclastic cone,Tephrochronology,D7
320100,Tseax River Cone,55.12,-128.9,Pyroclastic cone,Radiocarbon,D4
210040,Calatrava Volcanic Field,38.87,-4.02,Pyroclastic cone,Radiocarbon,D7
300273,Cherpuk Group,55.55,157.47,Pyroclastic cone,Radiocarbon,D7
300058,Asacha,52.355,157.827,Pyroclastic cone,Holocene,U
,Cayute-La Vigueria,-41.25,-72.27,Pyroclastic cone,Holocene,U
320110,Crow Lagoon,54.7,-130.23,Pyroclastic cone,Holocene,U
222071,Elmenteita Badlands,-0.52,36.27,Pyroclastic cone,Holocene,U
370020,Helgrindur,64.866,-23.283,Pyroclastic cone,Holocene,U
357123,Huanquihue Group,-39.887,-71.58,Pyroclastic cone,Holocene,U
,Izumbwe-Mpoli,-8.93,33.4,Pyroclastic cone,Holocene,U
305020,Keluo Group,49.37,125.92,Pyroclastic cone,Holocene,U
253004,Madilogo,-9.2,147.57,Pyroclastic cone,Holocene,U
221330,Mega Volcanic Field,3.971,38.213,Pyroclastic cone,Holocene,U
341095,Naolinco Volcanic Field,19.67,-96.75,Pyroclastic cone,Holocene,U
,Puesto Cortaderas,-37.567,-69.617,Pyroclastic cone,Holocene,U
222050,Segererua Plateau,1.57,37.9,Pyroclastic cone,Holocene,U
221222,Sodore,8.43,39.35,Pyroclastic cone,Holocene,U
225004,Tahalra Volcanic Field,22.67,5,Pyroclastic cone,Holocene,U
268001,Tarakan,1.83,127.83,Pyroclastic cone,Holocene,U
357072,Tromen Volcanic Plateau,-37.144,-70.033,Pyroclastic cone,Holocene,U
,Unnamed,-8.63,33.57,Pyroclastic cone,Holocene,U
,Unnamed,8.7,39.63,Pyroclastic cone,Holocene,U
343160,Utila Island,16.1,-86.9,Pyroclastic cone,Holocene,U
255011,Billy Mitchell,-6.092,155.225,Pyroclastic shield,Radiocarbon,D5
344091,Apoyeque,12.242,-86.342,Pyroclastic shield,Radiocarbon,D7
255030,Loloru,-6.52,155.62,Pyroclastic shield,Radiocarbon,D7
355094,Purico Complex,-23,-67.75,Pyroclastic shield,Holocene,U
233014,Itasy Volcanic Field,-19.033,46.7,Scoria cone,Radiocarbon,D7
225050,Meidob Volcanic Field,15.32,26.47,Scoria cone,Holocene,D7
355180,Antofagasta Volcanic Field,-26.12,-67.4,Scoria cone,Holocene,U
225005,Atakor Volcanic Field,23.33,5.83,Scoria cone,Holocene,U
355124,Falso Azufre,-26.8,-68.37,Scoria cone,Holocene,U
,Haruj,27.25,17.5,Scoria cone,Holocene,U
352081,Licto,-1.78,-78.613,Scoria cone,Holocene,U
225006,Manzaz Volcanic Field,23.92,5.83,Scoria cone,Holocene,U
222060,Menengai,-0.2,36.07,Shield volcano,Tephrochronology,D7
222040,Namarunu,1.98,36.43,Shield volcano,Tephrochronology,D7
373090,Theistareykir,65.883,-16.967,Shield volcano,Tephrochronology,D7
283071,Washiba-Kumonotaira,36.408,137.594,Shield volcano,Tephrochronology,D7
222051,Emuruangogolak,1.5,36.33,Shield volcano,Radiocarbon,D2
322060,Belknap,44.285,-121.841,Shield volcano,Radiocarbon,D6
341096,Cofre de Perote,19.492,-97.15,Shield volcano,Radiocarbon,D6
,Imuruk Lake,65.6,-163.92,Shield volcano,Radiocarbon,D6
323020,Medicine Lake,41.611,-121.554,Shield volcano,Radiocarbon,D6
322110,Newberry,43.722,-121.229,Shield volcano,Radiocarbon,D6
324040,Hell's Half Acre,43.5,-112.45,Shield volcano,Radiocarbon,D7
321070,Indian Heaven,45.93,-121.82,Shield volcano,Radiocarbon,D7
382120,Madeira,32.73,-16.97,Shield volcano,Radiocarbon,D7
332030,Mauna Kea,19.82,-155.47,Shield volcano,Radiocarbon,D7
241021,Mayor Island,-37.28,176.25,Shield volcano,Radiocarbon,D7
259010,Newer Volcanics Province,-37.77,142.5,Shield volcano,Radiocarbon,D7
283151,Numazawa,37.444,139.566,Shield volcano,Radiocarbon,D7
351021,Santa Isabel,4.818,-75.365,Shield volcano,Radiocarbon,D7
245010,Taveuni,-16.82,-179.97,Shield volcano,Radiocarbon,D7
300512,Terpuk,57.2,159.83,Shield volcano,Radiocarbon,D7
302030,Udokan Plateau,56.28,117.77,Shield volcano,Radiocarbon,D7
324030,Wapi Lava Field,42.88,-113.22,Shield volcano,Radiocarbon,D7
386020,Bouvet,-54.408,3.351,Shield volcano,Magnetism,D7
390027,Takahe,-76.28,-112.08,Shield volcano,Ice Core,D7
353030,Darwin,-0.18,-91.28,Shield volcano,Holocene,D3
300320,Akhtang,55.43,158.65,Shield volcano,Holocene,U
221104,Asavyo,13.098,41.599,Shield volcano,Holocene,U
341094,Atlixcos - Los,19.81,-96.527,Shield volcano,Holocene,U
300640,Bely,57.88,160.53,Shield volcano,Holocene,U
300300,Bolshoi Payalpan,55.88,157.78,Shield volcano,Holocene,U
300360,Bolshoi-Kekuknaysky,56.483,157.917,Shield volcano,Holocene,U
221114,Dabbayra,12.38,40.07,Shield volcano,Holocene,U
353011,Ecuador,-0.02,-91.546,Shield volcano,Holocene,U
300420,Eggella,56.57,158.52,Shield volcano,Holocene,U
300590,Elovsky,57.55,160.53,Shield volcano,Holocene,U
300510,Fedotych,57.13,160.4,Shield volcano,Holocene,U
353081,Genovesa,0.32,-89.958,Shield volcano,Holocene,U
300380,Geodesistoy,56.33,158.67,Shield volcano,Holocene,U
300057,Golaya,52.263,157.787,Shield volcano,Holocene,U
233001,Grille - La,-11.47,43.33,Shield volcano,Holocene,U
341006,Guadalupe,29.07,-118.28,Shield volcano,Holocene,U
221022,Hanish,13.72,42.73,Shield volcano,Holocene,U
221091,Hayli Gubbi,13.51,40.722,Shield volcano,Holocene,U
320040,Heart Peaks,58.6,-131.97,Shield volcano,Holocene,U
300710,Iettunup,58.4,161.08,Shield volcano,Holocene,U
300670,Iktunup,58.08,160.77,Shield volcano,Holocene,U
314060,Imuruk Lake,65.517,-163.45,Shield volcano,Holocene,U
300620,Kaileney,57.8,160.67,Shield volcano,Holocene,U
213011,Karaca Dag,37.67,39.83,Shield volcano,Holocene,U
300500,Kebeney,57.1,159.93,Shield volcano,Holocene,U
300410,Kekurny,56.4,158.85,Shield volcano,Holocene,U
,Kookooligit Mountains,63.6,-170.43,Shield volcano,Holocene,U
222054,Korosi,0.77,36.12,Shield volcano,Holocene,U
300330,Kozyrevsky,55.58,158.38,Shield volcano,Holocene,U
300400,Krainy,56.37,159.03,Shield volcano,Holocene,U
300370,Kulkev,56.37,158.37,Shield volcano,Holocene,U
221120,Kurub,11.88,41.208,Shield volcano,Holocene,U
300530,Leutongey,57.306,159.827,Shield volcano,Holocene,U
320050,Level Mountain,58.42,-131.35,Shield volcano,Holocene,U
300290,Maly Payalpan,55.82,157.98,Shield volcano,Holocene,U
221115,Manda Hararo,12.17,40.82,Shield volcano,Holocene,U
341031,Mascota Volcanic Field,20.567,-104.817,Shield volcano,Holocene,U
221105,Mat Ala,13.106,41.161,Shield volcano,Holocene,U
300570,Mezhdusopochny,57.47,160.25,Shield volcano,Holocene,U
390017,Morning,-78.5,163.53,Shield volcano,Holocene,U
222056,Nyambeni Hills,0.23,37.87,Shield volcano,Holocene,U
300650,Nylgimelkin,57.97,160.65,Shield volcano,Holocene,U
222055,Ol Kokwe,0.62,36.075,Shield volcano,Holocene,U
300055,Ostanets,52.146,157.322,Shield volcano,Holocene,U
300056,Otdelniy,52.221,157.435,Shield volcano,Holocene,U
300051,Ozernoy,51.88,157.38,Shield volcano,Holocene,U
357066,Payun Matru,-36.422,-69.241,Shield volcano,Holocene,U
390029,Peter I Island,-68.85,-90.58,Shield volcano,Holocene,U
300630,Plosky,57.83,160.25,Shield volcano,Holocene,U
300310,Plosky,55.2,158.47,Shield volcano,Holocene,U
300470,Pogranychny,56.85,159.8,Shield volcano,Holocene,U
234060,Prince Edward Island,-46.63,37.95,Shield volcano,Holocene,U
224002,San Carlos,3.35,8.52,Shield volcano,Holocene,U
353120,San Cristobal,-0.88,-89.5,Shield volcano,Holocene,U
,San Felix,-26.27,-80.12,Shield volcano,Holocene,U
224003,San Joaquin,3.35,8.63,Shield volcano,Holocene,U
353091,Santa Cruz,-0.62,-90.33,Shield volcano,Holocene,U
300201,Schmidt,54.92,160.63,Shield volcano,Holocene,U
300520,Sedanka Lava Field,57.317,160.067,Shield volcano,Holocene,U
300700,Severny,58.28,160.87,Shield volcano,Holocene,U
283121,Shiga,36.688,138.519,Shield volcano,Holocene,U
300580,Shishel,57.45,160.37,Shield volcano,Holocene,U
300690,Snegovoy,58.2,160.97,Shield volcano,Holocene,U
300660,Snezhniy,58.02,160.8,Shield volcano,Holocene,U
320070,Spectrum Range,57.43,-130.68,Shield volcano,Holocene,U
222110,Suswa,-1.151,36.357,Shield volcano,Holocene,U
221106,Tat Ali,13.284,41.063,Shield volcano,Holocene,U
244001,Ta'u,-14.23,-169.454,Shield volcano,Holocene,U
213030,Tenduruk Dagi,39.356,43.874,Shield volcano,Holocene,U
221292,Tepi,7.42,35.43,Shield volcano,Holocene,U
300560,Titila,57.406,160.108,Shield volcano,Holocene,U
341011,Tortuga - Isla,27.438,-111.881,Shield volcano,Holocene,U
300540,Tuzovsky,57.32,159.967,Shield volcano,Holocene,U
300610,Uka,57.706,160.59,Shield volcano,Holocene,U
300350,Uksichan,56.08,158.38,Shield volcano,Holocene,U
,Unnamed,52.88,158.3,Shield volcano,Holocene,U
,Unnamed,52.92,158.52,Shield volcano,Holocene,U
,Unnamed,56.82,158.95,Shield volcano,Holocene,U
244030,Upolu,-13.935,-171.72,Shield volcano,Holocene,U
300440,Verkhovoy,56.52,159.53,Shield volcano,Holocene,U
300059,Visokiy,52.43,157.93,Shield volcano,Holocene,U
300720,Voyampolsky,58.374,160.631,Shield volcano,Holocene,U
244050,Wallis Islands,-13.3,-176.17,Shield volcano,Holocene,U
300480,Zaozerny,56.88,159.95,Shield volcano,Holocene,U
344111,Zapatera,11.73,-85.82,Shield volcano,Holocene,U
221021,Zukur,14.02,42.75,Shield volcano,Holocene,U
390022,Berlin,-76.05,-136,Shield volcano,Fumarolic,U
222053,Paka,0.92,36.18,Shield volcano,Ar/Ar,D7
222052,Silali,1.15,36.23,Shield volcano,Ar/Ar,D7
283003,Oki-Dogo,36.176,133.334,Shield volcano,Anthropology,U
314040,St. Michael,63.45,-162.12,Shield volcano,Anthropology,U
282091,Fukue,32.657,128.849,Shield volcano,Tephrochronology,D7
356011,Rapa Nui,-27.114,-109.356,Shield volcano,Holocene,U
290161,Milna,46.815,151.786,Somma volcano,Holocene,U
290191,Uratman,47.12,152.25,Somma volcano,Holocene,U
322020,Jefferson,44.674,-121.8,Stratovolcano,Varve Count,D6
285034,Kuttara,42.491,141.16,Stratovolcano,Tephrochronology,D3
285082,Rausudake,44.076,145.122,Stratovolcano,Tephrochronology,D3
321020,Glacier Peak,48.112,-121.113,Stratovolcano,Tephrochronology,D4
390015,Melbourne,-74.35,164.7,Stratovolcano,Tephrochronology,D4
321040,Adams,46.206,-121.49,Stratovolcano,Tephrochronology,D6
214010,Elbrus,43.351,42.442,Stratovolcano,Tephrochronology,D6
285060,Taisetsuzan,43.664,142.854,Stratovolcano,Tephrochronology,D6
322090,Bachelor,43.979,-121.688,Stratovolcano,Tephrochronology,D7
373070,Fremrinamar,65.416,-16.666,Stratovolcano,Tephrochronology,D7
214020,Kazbek,42.7,44.5,Stratovolcano,Tephrochronology,D7
300122,Kostakan,53.83,158.05,Stratovolcano,Tephrochronology,D7
300083,Vilyuchinsky,52.7,158.28,Stratovolcano,Tephrochronology,D7
312100,Yantarni,57.019,-157.185,Stratovolcano,Tephrochronology,D7
351012,Bravo - Cerro,5.091,-75.293,Stratovolcano,Radiocarbon,D4
351011,Romeral,5.203,-75.363,Stratovolcano,Radiocarbon,D4
241030,Taranaki,-39.3,174.07,Stratovolcano,Radiocarbon,D4
300180,Kikhpinych,54.489,160.251,Stratovolcano,Radiocarbon,D5
360110,Plat Pays - Morne,15.255,-61.341,Stratovolcano,Radiocarbon,D5
284180,Alamagan,17.6,145.83,Stratovolcano,Radiocarbon,D6
352071,Chimborazo,-1.469,-78.817,Stratovolcano,Radiocarbon,D6
315030,Churchill,61.38,-141.75,Stratovolcano,Radiocarbon,D6
320060,Edziza,57.72,-130.63,Stratovolcano,Radiocarbon,D6
252100,Hargy,-5.33,151.1,Stratovolcano,Radiocarbon,D6
313050,Hayes,61.64,-152.411,Stratovolcano,Radiocarbon,D6
341062,Jocotitlan,19.73,-99.758,Stratovolcano,Radiocarbon,D6
282043,Kuchinoshima,29.968,129.926,Stratovolcano,Radiocarbon,D6
360030,Liamuiga,17.37,-62.8,Stratovolcano,Radiocarbon,D6
211042,Lipari,38.49,14.933,Stratovolcano,Radiocarbon,D6
351040,Machin,4.487,-75.389,Stratovolcano,Radiocarbon,D6
371080,Oddnyjarhnjukur-Langjokull,64.85,-19.7,Stratovolcano,Radiocarbon,D6
360020,Quill - The,17.478,-62.96,Stratovolcano,Radiocarbon,D6
370010,Snaefellsjokull,64.8,-23.783,Stratovolcano,Radiocarbon,D6
341061,Zitacuaro-Valle de Bravo,19.4,-100.25,Stratovolcano,Radiocarbon,D6
358062,Aguilera,-50.33,-73.75,Stratovolcano,Radiocarbon,D7
254020,Ambitle,-4.08,153.65,Stratovolcano,Radiocarbon,D7
352021,Atacazo,-0.353,-78.617,Stratovolcano,Radiocarbon,D7
351090,Azufral,1.08,-77.68,Stratovolcano,Radiocarbon,D7
312080,Black Peak,56.552,-158.785,Stratovolcano,Radiocarbon,D7
300150,Bolshoi Semiachik,54.32,160.02,Stratovolcano,Radiocarbon,D7
358050,Corcovado,-43.189,-72.794,Stratovolcano,Radiocarbon,D7
341098,Cumbres -  Las,19.15,-97.27,Stratovolcano,Radiocarbon,D7
312050,Dana,55.641,-161.214,Stratovolcano,Radiocarbon,D7
315040,Edgecumbe,57.05,-135.75,Stratovolcano,Radiocarbon,D7
382001,Flores,39.462,-31.216,Stratovolcano,Radiocarbon,D7
320200,Garibaldi,49.85,-123,Stratovolcano,Radiocarbon,D7
300272,Khangar,54.761,157.407,Stratovolcano,Radiocarbon,D7
300053,Khodutka,52.062,157.711,Stratovolcano,Radiocarbon,D7
341091,Malinche - La,19.231,-98.032,Stratovolcano,Radiocarbon,D7
273081,Mariveles,14.527,120.482,Stratovolcano,Radiocarbon,D7
290041,Moekeshiwan [Lvinaya Past],44.608,146.994,Stratovolcano,Radiocarbon,D7
283100,Myokosan,36.891,138.114,Stratovolcano,Radiocarbon,D7
283060,Norikuradake,36.106,137.554,Stratovolcano,Radiocarbon,D7
358063,Reclus,-50.964,-73.585,Stratovolcano,Radiocarbon,D7
285041,Rishirizan,45.179,141.242,Stratovolcano,Radiocarbon,D7
352001,Soche,0.552,-77.58,Stratovolcano,Radiocarbon,D7
355109,Socompa,-24.396,-68.246,Stratovolcano,Radiocarbon,D7
300671,Spokoiny,58.13,160.82,Stratovolcano,Radiocarbon,D7
300160,Taunshits,54.528,159.804,Stratovolcano,Radiocarbon,D7
342120,Tecuamburro,14.156,-90.407,Stratovolcano,Radiocarbon,D7
341070,Toluca - Nevado de,19.108,-99.758,Stratovolcano,Radiocarbon,D7
341010,Tres Virgenes,27.47,-112.591,Stratovolcano,Radiocarbon,D7
306030,Ulreung,37.5,130.87,Stratovolcano,Radiocarbon,D7
300121,Veer,53.75,158.45,Stratovolcano,Radiocarbon,D7
285032,Yoteizan,42.827,140.812,Stratovolcano,Radiocarbon,D7
281031,Kueishantao,24.841,121.953,Stratovolcano,Pleistocene-Fumarol,Q
281032,Tatun Volcanic Group,25.178,121.553,Stratovolcano,Pleistocene-Fumarol,Q
312053,Stepovak Bay 4,55.954,-159.954,Stratovolcano,Pleistocene,P
390031,Penguin Island,-62.1,-57.93,Stratovolcano,Lichenometry,D2
390013,Pleiades - The,-72.67,165.5,Stratovolcano,K-Ar,D7
273044,Malindig,13.24,122.018,Stratovolcano,Hot Springs,U
342130,Moyuta,14.03,-90.1,Stratovolcano,Hot Springs,U
351110,Chiles-Cerro Negro,0.817,-77.938,Stratovolcano,Holocene,D2
312250,Kaguyak,58.608,-154.028,Stratovolcano,Holocene,D7
,Kuchino-shima,29.97,129.93,Stratovolcano,Holocene,D7
263251,Muria,-6.62,110.88,Stratovolcano,Holocene,D7
221170,Adwa,10.063,40.831,Stratovolcano,Holocene,U
342100,Agua,14.465,-90.743,Stratovolcano,Holocene,U
221090,Ale Bagu,13.512,40.631,Stratovolcano,Holocene,U
221040,Alid,14.88,39.92,Stratovolcano,Holocene,U
300450,Alney-Chashakondzha,56.656,159.647,Stratovolcano,Holocene,U
300600,Alngey,57.702,160.418,Stratovolcano,Holocene,U
221270,Aluto,7.77,38.78,Stratovolcano,Holocene,U
268072,Amasing,-0.53,127.48,Stratovolcano,Holocene,U
234001,Amsterdam Island,-37.83,77.52,Stratovolcano,Holocene,U
284200,Anatahan,16.35,145.67,Stratovolcano,Holocene,U
300390,Anaun,56.32,158.83,Stratovolcano,Holocene,U
357153,Antillanca Volcanic Complex,-40.783,-72.15,Stratovolcano,Holocene,U
343010,Apaneca Range,13.872,-89.742,Stratovolcano,Holocene,U
214060,Aragats,40.53,44.2,Stratovolcano,Holocene,U
213040,Ararat,39.7,44.3,Stratovolcano,Holocene,U
273084,Arayat,15.2,120.742,Stratovolcano,Holocene,U
385050,Ascension,-7.95,-14.37,Stratovolcano,Holocene,U
354001,Auquihuato - Cerro,-15.07,-73.18,Stratovolcano,Holocene,U
221160,Ayelu,10.082,40.702,Stratovolcano,Holocene,U
355061,Azufre - Cerro del,-21.787,-68.237,Stratovolcano,Holocene,U
255010,Balbi,-5.92,154.98,Stratovolcano,Holocene,U
250020,Baluan,-2.57,147.28,Stratovolcano,Holocene,U
271010,Balut,5.398,125.376,Stratovolcano,Holocene,U
300042,Belenkaya,51.75,157.27,Stratovolcano,Holocene,U
290040,Berutarubesan [Berutarube],44.462,146.932,Stratovolcano,Holocene,U
268073,Bibinoi,-0.761,127.725,Stratovolcano,Holocene,U
357064,Blancas - Lomas,-36.286,-71.009,Stratovolcano,Holocene,U
300490,Bliznets,56.97,159.78,Stratovolcano,Holocene,U
251001,Blup Blup,-3.507,144.605,Stratovolcano,Holocene,U
251011,Boisa,-3.994,144.963,Stratovolcano,Holocene,U
252050,Bola,-5.141,150.038,Stratovolcano,Holocene,U
221071,Bora Ale,13.725,40.6,Stratovolcano,Holocene,U
221107,Borawli,13.304,40.987,Stratovolcano,Holocene,U
221210,Boset-Bericha,8.558,39.475,Stratovolcano,Holocene,U
384020,Brava,14.85,-24.72,Stratovolcano,Holocene,U
311010,Buldir,52.35,175.911,Stratovolcano,Holocene,U
272050,Cabalian,10.285,125.218,Stratovolcano,Holocene,U
273090,Cagua,18.222,122.123,Stratovolcano,Holocene,U
354060,Casiri - Nevados,-17.47,-69.813,Stratovolcano,Holocene,U
222010,Central Island,3.496,36.04,Stratovolcano,Holocene,U
311200,Chagulak,52.577,-171.13,Stratovolcano,Holocene,U
300460,Cherny,56.82,159.67,Stratovolcano,Holocene,U
343090,Chinameca,13.478,-88.33,Stratovolcano,Holocene,U
342170,Chingo,14.12,-89.73,Stratovolcano,Holocene,U
234050,Cochons - Ile Aux,-46.1,50.23,Stratovolcano,Holocene,U
355095,Colachi,-23.236,-67.645,Stratovolcano,Holocene,U
355190,Condor - El,-26.632,-68.361,Stratovolcano,Holocene,U
355101,Cordon de Puntas Negras,-23.743,-67.534,Stratovolcano,Holocene,U
355112,Corrida de Cori Volcanic Field,-25.083,-68.367,Stratovolcano,Holocene,U
382002,Corvo,39.699,-31.111,Stratovolcano,Holocene,U
272010,Cuernos de Negros,9.25,123.17,Stratovolcano,Holocene,U
221113,Dabbahu,12.595,40.48,Stratovolcano,Holocene,U
,Dalaffilla,13.792,40.55,Stratovolcano,Holocene,U
232010,Damavand,35.951,52.109,Stratovolcano,Holocene,U
360090,Diablotins - Morne,15.503,-61.397,Stratovolcano,Holocene,U
221180,Dofan,9.35,40.13,Stratovolcano,Holocene,U
312011,Dutton,55.183,-162.276,Stratovolcano,Holocene,U
213010,Erciyes Dagi,38.531,35.447,Stratovolcano,Holocene,U
312010,Frosty,55.067,-162.835,Stratovolcano,Holocene,U
221150,Gabillema,11.08,41.27,Stratovolcano,Holocene,U
221050,Gada Ale,13.975,40.408,Stratovolcano,Holocene,U
252030,Garove,-4.687,149.511,Stratovolcano,Holocene,U
300550,Gorny Institute,57.33,160.2,Stratovolcano,Holocene,U
382040,Graciosa,39.02,-27.97,Stratovolcano,Holocene,U
312190,Griggs,58.354,-155.092,Stratovolcano,Holocene,U
221116,Groppo,11.816,40.242,Stratovolcano,Holocene,U
343052,Guazapa,13.9,-89.12,Stratovolcano,Holocene,U
283280,Hakkodasan,40.659,140.877,Stratovolcano,Holocene,U
213002,Hasan Dagi,38.13,34.17,Stratovolcano,Holocene,U
311220,Herbert,52.742,-170.111,Stratovolcano,Holocene,U
268052,Hiri,0.9,127.32,Stratovolcano,Holocene,U
290060,Hitokappu Volcano Group,44.857,147.403,Stratovolcano,Holocene,U
390110,Hodson,-56.712,-27.176,Stratovolcano,Holocene,U
354005,Huambo,-15.78,-72.08,Stratovolcano,Holocene,U
,Hutapanjang,-2.33,101.6,Stratovolcano,Holocene,U
,Hutapanjang,-2.333,101.6,Stratovolcano,Holocene,U
253011,Hydrographers Range,-9,148.37,Stratovolcano,Holocene,U
300280,Ichinsky,55.678,157.718,Stratovolcano,Holocene,U
352041,Illiniza,-0.663,-78.715,Stratovolcano,Holocene,U
342190,Ipala,14.55,-89.63,Stratovolcano,Holocene,U
341023,Isabel - Isla,21.848,-105.886,Stratovolcano,Holocene,U
273042,Isarog,13.658,123.38,Stratovolcano,Holocene,U
341082,Iztaccihuatl,19.179,-98.642,Stratovolcano,Holocene,U
268051,Jailolo,1.08,127.439,Stratovolcano,Holocene,U
,Jalua,15.042,39.82,Stratovolcano,Holocene,U
251002,Kadovar,-3.608,144.588,Stratovolcano,Holocene,U
271061,Kalatungan,7.95,124.8,Stratovolcano,Holocene,U
300010,Kambalny,51.306,156.875,Stratovolcano,Holocene,U
300251,Kamen,56.02,160.593,Stratovolcano,Holocene,U
243061,Kao,-19.668,-175.016,Stratovolcano,Holocene,U
223040,Karisimbi,-1.506,29.45,Stratovolcano,Holocene,U
263281,Kawi-Butak,-7.92,112.45,Stratovolcano,Holocene,U
300041,Kell,51.65,157.35,Stratovolcano,Holocene,U
263110,Kendang,-7.245,107.709,Stratovolcano,Holocene,U
234020,Kerguelen Islands,-49.58,69.5,Stratovolcano,Holocene,U
312120,Kialagvik,57.203,-156.745,Stratovolcano,Holocene,U
,Kilimanjaro,-3.07,37.35,Stratovolcano,Holocene,U
300220,Komarov,55.033,160.725,Stratovolcano,Holocene,U
225021,Koussi - Emi,19.8,18.53,Stratovolcano,Holocene,U
252070,Krummel-Garbuna-Welcker,-5.416,150.027,Stratovolcano,Holocene,U
357122,Lanin,-39.637,-71.502,Stratovolcano,Holocene,U
355120,Lastarria,-25.168,-68.507,Stratovolcano,Holocene,U
271050,Latukan,7.65,124.47,Stratovolcano,Holocene,U
263260,Lawu,-7.625,111.192,Stratovolcano,Holocene,U
271031,Leonard Range,7.382,126.047,Stratovolcano,Holocene,U
355092,Licancabur,-22.83,-67.88,Stratovolcano,Holocene,U
357063,Longavi - Nevado de,-36.193,-71.161,Stratovolcano,Holocene,U
221111,Ma Alalta,13.013,40.185,Stratovolcano,Holocene,U
358056,Maca,-45.1,-73.17,Stratovolcano,Holocene,U
,Maderas,11.446,-85.515,Stratovolcano,Holocene,U
271040,Makaturing,7.644,124.317,Stratovolcano,Holocene,U
271071,Malindang,8.22,123.63,Stratovolcano,Holocene,U
261121,Malintang,0.47,99.67,Stratovolcano,Holocene,U
272030,Mandalagan,10.65,123.25,Stratovolcano,Holocene,U
,Manengouba,5.03,9.83,Stratovolcano,Holocene,U
357092,Mariñaqui - Laguna,-38.255,-71.167,Stratovolcano,Holocene,U
273031,Masaraga,13.32,123.6,Stratovolcano,Holocene,U
300001,Mashkovtsev,51.1,156.72,Stratovolcano,Holocene,U
271020,Matutum,6.37,125.07,Stratovolcano,Holocene,U
357061,Maule - Laguna del,-36.058,-70.492,Stratovolcano,Holocene,U
257021,Mere Lava,-14.45,168.05,Stratovolcano,Holocene,U
212030,Milos,36.699,24.439,Stratovolcano,Holocene,U
355102,Miniques,-23.82,-67.77,Stratovolcano,Holocene,U
311111,Moffett,51.944,-176.747,Stratovolcano,Holocene,U
344110,Mombacho,11.826,-85.968,Stratovolcano,Holocene,U
268063,Moti,0.454,127.411,Stratovolcano,Holocene,U
257001,Motlav,-13.67,167.67,Stratovolcano,Holocene,U
221123,Mousa Alli,12.469,42.404,Stratovolcano,Holocene,U
223060,Muhavura,-1.383,29.678,Stratovolcano,Holocene,U
283141,Nantaisan,36.765,139.491,Stratovolcano,Holocene,U
260001,Narcondum,13.43,94.28,Stratovolcano,Holocene,U
355123,Nevada - Sierra,-26.48,-68.58,Stratovolcano,Holocene,U
360040,Nevis Peak,17.15,-62.58,Stratovolcano,Holocene,U
285031,Niseko,42.875,140.659,Stratovolcano,Holocene,U
257081,North Vate,-17.47,168.353,Stratovolcano,Holocene,U
221280,O'a Caldera,7.47,38.58,Stratovolcano,Holocene,U
355130,Ojos del Salado - Nevados,-27.109,-68.541,Stratovolcano,Holocene,U
300680,Ostry,58.18,160.82,Stratovolcano,Holocene,U
357022,Palomo,-34.608,-70.295,Stratovolcano,Holocene,U
357152,Pantojo - Cerro,-40.77,-71.95,Stratovolcano,Holocene,U
263070,Patuha,-7.162,107.4,Stratovolcano,Holocene,U
355200,Peinado,-26.623,-68.116,Stratovolcano,Holocene,U
263291,Penanggungan,-7.616,112.62,Stratovolcano,Holocene,U
300054,Piratkovsky,52.113,157.849,Stratovolcano,Holocene,U
345034,Platanar,10.3,-84.366,Stratovolcano,Holocene,U
234040,Possession - Ile de la,-46.42,51.75,Stratovolcano,Holocene,U
357150,Puyehue-Cordon Caulle,-40.59,-72.117,Stratovolcano,Holocene,U
358053,Puyuhuapi,-44.3,-72.53,Stratovolcano,Holocene,U
354000,Quimsachata,-14.133,-71.364,Stratovolcano,Holocene,U
290110,Rakkibetsudake [Demon],45.5,148.85,Stratovolcano,Holocene,U
311280,Recheschnoi,53.157,-168.539,Stratovolcano,Holocene,U
300340,Romanovka,55.65,158.8,Stratovolcano,Holocene,U
344060,Rota,12.55,-86.75,Stratovolcano,Holocene,U
311380,Roundtop,54.8,-163.589,Stratovolcano,Holocene,U
222166,Rungwe,-9.135,33.668,Stratovolcano,Holocene,U
290021,Ruruidake [Smirnov],44.454,146.139,Stratovolcano,Holocene,U
232002,Sabalan,38.268,47.835,Stratovolcano,Holocene,U
232001,Sahand,37.75,46.43,Stratovolcano,Holocene,U
355091,Sairecabur,-22.719,-67.891,Stratovolcano,Holocene,U
273060,San Pablo Volcanic Field,14.12,121.3,Stratovolcano,Holocene,U
357062,San Pedro-Pellado,-35.989,-70.849,Stratovolcano,Holocene,U
343070,San Vicente,13.595,-88.837,Stratovolcano,Holocene,U
341024,Sanganguey,21.45,-104.73,Stratovolcano,Holocene,U
,Santo Antao,17.07,-25.17,Stratovolcano,Holocene,U
284192,Sarigan,16.708,145.78,Stratovolcano,Holocene,U
311030,Segula,52.015,178.136,Stratovolcano,Holocene,U
290331,Shirinki,50.2,154.98,Stratovolcano,Holocene,U
272040,Silay,10.77,123.23,Stratovolcano,Holocene,U
261080,Sinabung,3.17,98.392,Stratovolcano,Holocene,U
351061,Sotara,2.108,-76.592,Stratovolcano,Holocene,U
360170,St. Catherine,12.15,-61.67,Stratovolcano,Holocene,U
342160,Suchitan,14.4,-89.78,Stratovolcano,Holocene,U
,Suphan Dagi,38.92,42.82,Stratovolcano,Holocene,U
343072,Taburete,13.435,-88.532,Stratovolcano,Holocene,U
232050,Taftan,28.6,61.13,Stratovolcano,Holocene,U
342141,Tahual,14.43,-89.9,Stratovolcano,Holocene,U
342020,Tajumulco,15.043,-91.903,Stratovolcano,Holocene,U
311090,Takawangha,51.873,-178.006,Stratovolcano,Holocene,U
263131,Tampomas,-6.77,107.95,Stratovolcano,Holocene,U
311241,Tana,52.83,-169.77,Stratovolcano,Holocene,U
343080,Tecapa,13.494,-88.502,Stratovolcano,Holocene,U
263231,Telomoyo,-7.362,110.4,Stratovolcano,Holocene,U
345031,Tenorio,10.673,-85.015,Stratovolcano,Holocene,U
354031,Ticsani,-16.755,-70.595,Stratovolcano,Holocene,U
268061,Tidore,0.658,127.4,Stratovolcano,Holocene,U
343082,Tigre - El,13.47,-88.43,Stratovolcano,Holocene,U
343130,Tigre - Isla del,13.274,-87.639,Stratovolcano,Holocene,U
355105,Tilocalar,-23.97,-68.13,Stratovolcano,Holocene,U
372040,Tindfjallajokull,63.783,-19.716,Stratovolcano,Holocene,U
357093,Tolhuaca,-38.31,-71.645,Stratovolcano,Holocene,U
342070,Toliman,14.612,-91.189,Stratovolcano,Holocene,U
225010,Tousside - Tarso,21.03,16.45,Stratovolcano,Holocene,U
,Trindade,-20.514,-29.331,Stratovolcano,Holocene,U
,Tromen,-37.142,-70.03,Stratovolcano,Holocene,U
355103,Tujle - Cerro,-23.83,-67.95,Stratovolcano,Holocene,U
373040,Tungnafellsjokull,64.75,-17.916,Stratovolcano,Holocene,U
300241,Udina,55.758,160.527,Stratovolcano,Holocene,U
263230,Ungaran,-7.18,110.33,Stratovolcano,Holocene,U
343081,Usulutan,13.419,-88.471,Stratovolcano,Holocene,U
300221,Vysoky,55.064,160.765,Stratovolcano,Holocene,U
263270,Wilis,-7.808,111.758,Stratovolcano,Holocene,U
358022,Yate,-41.755,-72.396,Stratovolcano,Holocene,U
282021,Yokoatejima,28.797,128.997,Stratovolcano,Holocene,U
283031,Yokodake,36.087,138.32,Stratovolcano,Holocene,U
343140,Zacate Grande - Isla,13.33,-87.63,Stratovolcano,Holocene,U
284191,Zealandia Bank,16.88,145.85,Stratovolcano,Holocene,U
300242,Zimina,55.862,160.603,Stratovolcano,Holocene,U
283143,Takaharayama,36.9,139.777,Stratovolcano,Holocene,U7
271030,Apo,6.989,125.269,Stratovolcano,Fumarolic,U
232030,Bazman,28.07,60,Stratovolcano,Fumarolic,U
341005,Coronado,29.08,-113.513,Stratovolcano,Fumarolic,U
261210,Daun - Bukit,-3.38,102.37,Stratovolcano,Fumarolic,U
360080,Diables - Morne aux,15.612,-61.43,Stratovolcano,Fumarolic,U
312270,Douglas,58.855,-153.542,Stratovolcano,Fumarolic,U
264240,Ililabalekan,-8.55,123.38,Stratovolcano,Fumarolic,U
264170,Ilimuda,-8.479,122.761,Stratovolcano,Fumarolic,U
264080,Inierie,-8.875,120.95,Stratovolcano,Fumarolic,U
266120,Klabat,1.454,125.031,Stratovolcano,Fumarolic,U
312230,Kukak,58.453,-154.355,Stratovolcano,Fumarolic,U
390120,Leskov Island,-56.656,-28.14,Stratovolcano,Fumarolic,U
,Lumut Balai - Bukit,-4.22,103.62,Stratovolcano,Fumarolic,U
272070,Mahagnao,10.882,124.888,Stratovolcano,Fumarolic,U
265080,Manuk,-5.543,130.303,Stratovolcano,Fumarolic,U
284143,Maug Islands,20.02,145.22,Stratovolcano,Fumarolic,U
273087,Patoc,17.147,120.98,Stratovolcano,Fumarolic,U
263040,Perbakti-Gagak,-6.75,106.675,Stratovolcano,Fumarolic,U
261290,Rajabasa,-5.78,105.625,Stratovolcano,Fumarolic,U
312200,Snowy Mountain,58.336,-154.682,Stratovolcano,Fumarolic,U
355010,Tacora,-17.72,-69.77,Stratovolcano,Fumarolic,U
263150,Talagabodas,-7.208,108.07,Stratovolcano,Fumarolic,U
225020,Voon - Tarso,20.92,17.28,Stratovolcano,Fumarolic,U
390011,Young Island,-66.42,162.47,Stratovolcano,Fumarolic,U
,Malinao,13.422,123.597,Stratovolcano,Fumarolic,U1
321030,Rainier,46.853,-121.76,Stratovolcano,Dendrochronology,D3
252110,Bamus,-5.2,151.23,Stratovolcano,Anthropology,D3
222100,Longonot,-0.914,36.446,Stratovolcano,Anthropology,D3
283122,Harunasan,36.477,138.851,Stratovolcano,Anthropology,D6
275080,Popa,20.92,95.25,Stratovolcano,Anthropology,D7
214090,Porak,40.028,45.74,Stratovolcano,Anthropology,D7
333040,Mehetia,-17.874,-148.068,Stratovolcano,Anthropology,U
,Paco,9.593,125.52,Stratovolcano,Anthropology,U
371070,Prestahnukur,64.583,-20.666,Subglacial volcano,Radiocarbon,D7
371090,Hofsjokull,64.833,-18.766,Subglacial volcano,Holocene,U
320080,Hoodoo Mountain,56.78,-131.28,Subglacial volcano,Holocene,U
331040,Escanaba Segment,40.98,-127.5,Submarine volcano,Uranium-series,D7
300271,Piip,55.42,167.33,Submarine volcano,Tephrochronology,D7
333030,Moua Pihaa,-18.325,-148.525,Submarine volcano,Seismicity,U
333020,Rocard,-17.662,-148.586,Submarine volcano,Seismicity,U
333010,Teahitia,-17.564,-148.821,Submarine volcano,Seismicity,U
241140,Healy,-35.004,178.973,Submarine volcano,Radiocarbon,D6
211031,Palinuro,39.48,14.83,Submarine volcano,Radiocarbon,D7
334140,Southern EPR-Segment I,-18.53,-113.42,Submarine volcano,Magnetism,D2
334130,Southern EPR-Segment J,-18.175,-113.35,Submarine volcano,Magnetism,D3
334021,Northern EPR at 16°N,15.83,-105.43,Submarine volcano,Magnetism,D7
250030,Central Bismarck Sea,-3.03,147.78,Submarine volcano,Hydrophonic,D1
241130,Rumble III,-35.745,178.478,Submarine volcano,Hydrophonic,D1
284142,Supply Reef,20.13,145.1,Submarine volcano,Hydrophonic,D1
,Unnamed,52,-173.5,Submarine volcano,Hydrophonic,D1
290160,Unnamed,46.47,151.28,Submarine volcano,Hydrophonic,D1
,Unnamed,-25.78,168.63,Submarine volcano,Hydrophonic,D1
,Ormus Islands,26,57,Submarine volcano,Holocene,D2
255053,Coleman Seamount,-8.841,157.16,Submarine volcano,Holocene,U
377020,East Gakkel Ridge at 85°E,85.608,85.25,Submarine volcano,Holocene,U
255052,Kana Keoki,-8.75,157.03,Submarine volcano,Holocene,U
290211,Srednii,47.6,152.92,Submarine volcano,Holocene,U
243011,Unnamed,-21.15,-175.75,Submarine volcano,Holocene,U
255061,Unnamed,-8.92,158.03,Submarine volcano,Holocene,U
284121,Kita-Fukutokutai,24.417,141.417,Submarine volcano,Holocene,U1
241150,Brothers,-34.875,179.075,Submarine volcano,Fumarolic,U
241101,Clark,-36.446,177.839,Submarine volcano,Fumarolic,U
284137,Daikoku,21.324,144.194,Submarine volcano,Fumarolic,U
284095,Doyo Seamount,27.68,140.8,Submarine volcano,Fumarolic,U
284210,Esmeralda Bank,15,145.25,Submarine volcano,Fumarolic,U
284220,Forecast Seamount,13.4,143.92,Submarine volcano,Fumarolic,U
242022,Giggenbach,-30.036,-178.712,Submarine volcano,Fumarolic,U
284097,Kaikata Seamount,26.667,140.929,Submarine volcano,Fumarolic,U
284094,Mokuyo Seamount,28.327,140.572,Submarine volcano,Fumarolic,U
241131,Rumble II West,-35.353,178.527,Submarine volcano,Fumarolic,U
241120,Rumble IV,-36.13,178.05,Submarine volcano,Fumarolic,U
241110,Rumble V,-36.142,178.196,Submarine volcano,Fumarolic,U
284230,Seamount X,13.25,144.02,Submarine volcano,Fumarolic,U
241102,Tangaroa,-36.321,178.028,Submarine volcano,Fumarolic,U
243001,Unnamed,-24.8,-177.02,Submarine volcano,Fumarolic,U
275070,Veteran,9.83,109.05,Submarine volcano,Fumarolic,U
242001,Wright,-31.85,-179.18,Submarine volcano,Fumarolic,U
223001,Fort Portal,0.7,30.25,Tuff cone,Holocene,U
222161,Igwisi Hills,-4.889,31.933,Tuff cone,Holocene,U
223005,Katunga,-0.471,30.191,Tuff cone,Holocene,U
223003,Katwe-Kikorongo,-0.08,29.92,Tuff cone,Holocene,U
231100,Marha - Jabal el-,15.245,44.236,Tuff cone,Holocene,U
222001,North Island,4.059,36.049,Tuff cone,Holocene,U
341003,San Luis - Isla,29.97,-114.4,Tuff cone,Holocene,U
341092,Serdan-Oriental,19.27,-97.47,Tuff cone,Holocene,U
244020,Tutuila,-14.295,-170.7,Tuff cone,Holocene,U
315001,Buzzard Creek,64.062,-148.433,Tuff rings,Radiocarbon,D7
254010,Lihir,-3.125,152.642,Volcanic complex,Holocene,U
255021,Takuan Group,-6.442,155.608,Volcanic complex,Holocene,U
,Espenberg,66.35,-164.33,Volcanic field,Tephrochronology,D7
323170,Golden Trout Creek,36.358,-118.32,Volcanic field,Tephrochronology,D7
241020,Auckland Volcanic Field,-36.89,174.81,Volcanic field,Radiocarbon,D6
327050,Black Rock Desert,38.97,-112.5,Volcanic field,Radiocarbon,D6
341080,Chichinautzin,19.08,-99.13,Volcanic field,Radiocarbon,D6
241010,Kaikohe-Bay of Islands,-35.3,173.9,Volcanic field,Radiocarbon,D6
322100,Davis Lake,43.57,-121.82,Volcanic field,Radiocarbon,D7
305040,Jingpohu,44.08,128.83,Volcanic field,Radiocarbon,D7
225030,Marra - Jebel,12.95,24.27,Volcanic field,Radiocarbon,D7
321060,West Crater,45.88,-122.08,Volcanic field,Radiocarbon,D7
253060,Dawson Strait Group,-9.62,150.88,Volcanic field,Hydration Rind,D6
320020,Alligator Lake,60.42,-135.42,Volcanic field,Holocene,U
233011,Ambre-Bobaomby,-12.6,49.15,Volcanic field,Holocene,U
343071,Apastepeque Field,13.72,-88.77,Volcanic field,Holocene,U
231001,Ash Shaam - Harrat,32.333,37.583,Volcanic field,Holocene,U
221125,Assab Volcanic Field,12.95,42.43,Volcanic field,Holocene,U
231170,Balhaf-Bir Ali Volcanic Field,14.067,48.3,Volcanic field,Holocene,U
221191,Beru,8.95,39.75,Volcanic field,Holocene,U
231072,Birk - Harrat al,18.37,41.63,Volcanic field,Holocene,U
320170,Bridge River Cones,50.8,-123.4,Volcanic field,Holocene,U
343051,Cinotepeque - Cerro,14.02,-89.25,Volcanic field,Holocene,U
323100,Clear Lake,38.97,-122.77,Volcanic field,Holocene,U
342111,Cuilapa-Barbarena,14.33,-90.4,Volcanic field,Holocene,U
342140,Flores,14.308,-89.992,Volcanic field,Holocene,U
320010,Fort Selkirk,62.93,-137.38,Volcanic field,Holocene,U
320190,Garibaldi Lake,49.933,-123,Volcanic field,Holocene,U
214070,Ghegham Volcanic Ridge,40.283,45,Volcanic field,Holocene,U
341097,Gloria - La,19.33,-97.25,Volcanic field,Holocene,U
253041,Goodenough,-9.358,150.246,Volcanic field,Holocene,U
221124,Gufa,12.55,42.53,Volcanic field,Holocene,U
231050,Ithnayn - Harrat,26.58,40.2,Volcanic field,Holocene,U
322190,Jordan Craters,43.147,-117.46,Volcanic field,Holocene,U
342121,Jumaytepeque,14.34,-90.271,Volcanic field,Holocene,U
303020,Khanuy Gol,48.67,102.75,Volcanic field,Holocene,U
231071,Kishb - Harrat,22.8,41.38,Volcanic field,Holocene,U
,Lavic Lake,34.75,-116.625,Volcanic field,Holocene,U
,Leizhou Bandao,20.83,109.78,Volcanic field,Holocene,U
275020,Ly Son Group,15.38,109.12,Volcanic field,Holocene,U
300052,Olkoviy Volcanic Group,52.02,157.53,Volcanic field,Holocene,U
355042,Pampa Luxsar,-20.85,-68.2,Volcanic field,Holocene,U
342210,Quezaltepeque,14.57,-89.45,Volcanic field,Holocene,U
343001,San Diego,14.27,-89.48,Volcanic field,Holocene,U
,Santa Clara,37.257,-113.625,Volcanic field,Holocene,U
342150,Santiago - Cerro,14.33,-89.87,Volcanic field,Holocene,U
,Satah Mountain,52.47,-124.7,Volcanic field,Holocene,U
230010,Sharat Kovakab,36.536,40.858,Volcanic field,Holocene,U
,Southern Sikhote-Alin,44.5,135.5,Volcanic field,Holocene,U
303010,Taryatu-Chulutu,48.133,99.95,Volcanic field,Holocene,U
225002,Tin Zaouatene Volcanic Field,19.83,2.83,Volcanic field,Holocene,U
315060,Tlevak Strait-Suemez Island,55.25,-133.3,Volcanic field,Holocene,U
225001,Todra Volcanic Field,17.68,8.5,Volcanic field,Holocene,U
225009,Toh - Tarso,21.33,16.33,Volcanic field,Holocene,U
302050,Tunkin Depression,51.5,102.5,Volcanic field,Holocene,U
320031,Tuya Volcanic Field,59.37,-130.58,Volcanic field,Holocene,U
329010,Uinkaret Field,36.38,-113.13,Volcanic field,Holocene,U
,Unnamed,35.85,91.7,Volcanic field,Holocene,U
,Unnamed,39.25,45.167,Volcanic field,Holocene,U
,Unnamed,32.658,36.425,Volcanic field,Holocene,U
,Unnamed,33.308,36.925,Volcanic field,Holocene,U
,Unnamed,33.15,36.258,Volcanic field,Holocene,U
,Vakak Group,34.25,67.97,Volcanic field,Holocene,U
343150,Yojoa - Lago,14.964,-87.983,Volcanic field,Holocene,U
327040,Markagunt Plateau,37.58,-112.67,Volcanic field,Dendrochronology,D6
222130,Chyulu Hills,-2.68,37.88,Volcanic field,Anthropology,D3
231020,Uwayrid - Harrat,27.08,37.25,Volcanic field,Anthropology,D6
231110,Haylan - Jabal,15.4,45.1,Volcanic field,Anthropology,D7
327120,Zuni-Bandera,34.8,-108,Volcanic field,Anthropology,D7
253021,Managlase Plateau,-9.08,148.33,Volcanic field,Anthropology,U
231010,Rahah - Harrat ar,27.8,36.17,Volcanic field,Anthropology,U
